node_name,MCC,DMNC,MNC,Degree,EPC,BottleNeck,EcCentricity,Closeness,Radiality,Betweenness,Stress,ClusteringCoefficient
NOP56,6287346.0,0.53358,36.0,36.0,59.98,4.0,0.19924,225.51667,6.36179,1029.68974,20724.0,0.3746,
KRR1,1375976.0,0.63868,20.0,20.0,39.742,1.0,0.19924,203.98333,6.13641,201.97072,3980.0,0.54737,
RPSA,2.5286408777E10,0.50569,59.0,60.0,71.832,24.0,0.19924,258.68333,6.68376,5256.72922,89516.0,0.29266,
RPS17,2.0202774836E10,0.60425,37.0,37.0,60.566,2.0,0.19924,230.91667,6.43944,1184.7324,22822.0,0.42042,
HSPD1,1013748.0,0.44547,38.0,38.0,54.335,16.0,0.19924,239.2,6.5474,3343.0923,47312.0,0.30725,
HSPE1,539196.0,0.4299,33.0,33.0,52.587,2.0,0.19924,231.93333,6.46974,1747.55977,27698.0,0.31061,
PTTG1,3628847.0,0.56083,15.0,20.0,27.408,5.0,0.19924,212.08333,6.27656,1636.41006,17330.0,0.3,
ANAPC11,3992457.0,0.37608,27.0,28.0,29.393,10.0,0.19924,219.0,6.32202,2798.61247,24382.0,0.26984,
NDUFB9,6.03112328E8,0.81393,21.0,23.0,31.854,5.0,0.19924,207.36667,6.18565,1007.00183,9404.0,0.57312,
NDUFS6,6.02391621E8,0.63963,24.0,25.0,30.361,3.0,0.19924,208.61667,6.18376,1382.0824,16010.0,0.47333,
RPL22,2.2242193401E10,0.62902,38.0,39.0,60.953,2.0,0.19924,232.5,6.44891,1599.82938,25504.0,0.41161,
RPS9,2.528089462E10,0.52249,55.0,55.0,71.121,2.0,0.19924,251.48333,6.62315,3648.32257,69064.0,0.31987,
RPL10A,2.4327577819E10,0.57536,48.0,49.0,68.218,4.0,0.19924,244.63333,6.56065,3070.9948,52378.0,0.35289,
RPS15A,2.3246379158E10,0.55688,49.0,49.0,67.814,1.0,0.19924,244.28333,6.54929,2347.31247,47634.0,0.35374,
ARPC1B,54.0,0.31924,10.0,10.0,5.995,4.0,0.19924,181.7,5.88072,379.69302,3514.0,0.35556,
ACTR2,498.0,0.25554,26.0,28.0,20.466,16.0,0.19924,224.18333,6.39967,4802.49156,36348.0,0.17196,
PSMB6,3871288.0,0.41939,28.0,28.0,43.849,5.0,0.19924,234.11667,6.52656,1429.27655,21122.0,0.32011,
PSMA2,2.958295963E9,0.44114,47.0,50.0,66.099,2.0,0.19924,254.86667,6.68565,5822.35856,76128.0,0.25143,
SMC3,392.0,0.27928,24.0,24.0,31.281,8.0,0.16604,216.46667,6.30118,1407.83627,16458.0,0.22464,
WAPAL,32.0,0.51861,5.0,7.0,9.582,1.0,0.16604,181.48333,5.86557,99.96555,858.0,0.42857,
CNOT6L,34.0,0.36588,7.0,9.0,10.21,5.0,0.19924,190.8,6.0133,1523.16943,14546.0,0.27778,
CNOT7,46.0,0.29929,10.0,12.0,15.259,1.0,0.16604,190.36667,5.97921,1113.34708,12726.0,0.22727,
EIF3L,1.441000599E10,0.75542,23.0,23.0,46.681,2.0,0.19924,216.3,6.31633,258.30472,4758.0,0.6166,
EIF3C,1.3455617224E10,0.70269,24.0,26.0,47.963,3.0,0.19924,219.18333,6.33906,1301.63456,16092.0,0.48,
ALYREF,9.223372036854777E13,0.66324,46.0,46.0,65.587,12.0,0.19924,231.21667,6.39967,988.73051,16176.0,0.42995,
THOC2,449533.0,0.56523,21.0,24.0,37.873,2.0,0.16604,210.85,6.22164,1253.52432,11670.0,0.36232,
PSMC1,5.26864243E8,0.46403,38.0,39.0,54.803,2.0,0.19924,242.03333,6.58149,2665.55355,40628.0,0.30364,
PSMD8,3992418.0,0.45928,30.0,32.0,46.093,1.0,0.19924,236.65,6.53414,1587.47959,23544.0,0.30242,
CCT2,3.479091604E9,0.39196,58.0,58.0,72.004,12.0,0.19924,262.78333,6.75005,8447.51857,110794.0,0.23593,
CCT3,2.883523972E9,0.47305,41.0,41.0,62.676,3.0,0.19924,243.78333,6.59096,3191.64884,56420.0,0.31829,
EIF3M,1.7574455976E10,0.77677,30.0,30.0,58.522,2.0,0.19924,230.91667,6.46217,409.85664,9314.0,0.57931,
EIF3I,1.8537937597E10,0.63934,39.0,40.0,65.766,3.0,0.19924,238.73333,6.52277,1237.24881,21574.0,0.41538,
CCT4,4.560935193E9,0.49929,46.0,49.0,64.968,14.0,0.19924,252.61667,6.66103,5004.89501,74194.0,0.28571,
CCT7,5.083952196E9,0.4915,51.0,51.0,70.286,1.0,0.19924,253.28333,6.66293,4309.26864,80588.0,0.30824,
NDUFA13,2.39511727E8,0.7713,18.0,19.0,26.52,3.0,0.19924,201.95,6.14398,924.122,8442.0,0.61404,
NDUFA3,4.79001648E8,0.93332,16.0,16.0,23.61,1.0,0.19924,186.16667,5.89966,29.24703,696.0,0.86667,
SNRPA1,9.223372036854777E13,0.7011,42.0,43.0,65.027,2.0,0.19924,233.76667,6.44512,2031.23951,28718.0,0.44629,
SNRPB2,9.223372036854777E13,0.9115,32.0,33.0,58.197,1.0,0.19924,219.05,6.2955,608.05799,9338.0,0.625,
PSMB9,3870770.0,0.51703,22.0,24.0,29.433,4.0,0.19924,219.6,6.35232,1565.74264,16440.0,0.3587,
PSMD6,3871235.0,0.48748,25.0,30.0,40.049,8.0,0.19924,234.01667,6.5133,3242.36407,30042.0,0.26667,
PSMB10,3870853.0,0.63656,19.0,20.0,28.516,2.0,0.19924,211.26667,6.2633,552.15857,6556.0,0.5,
ATP5J,6.03274875E8,0.69686,27.0,28.0,37.715,5.0,0.19924,215.96667,6.29171,1038.86493,15920.0,0.5,
ATP5E,4.39230975E8,0.72071,22.0,23.0,30.584,3.0,0.19924,203.55,6.13641,1347.18138,11998.0,0.54545,
SNRPB,9.223372036854777E13,0.6803,43.0,45.0,63.557,8.0,0.19924,234.01667,6.43944,2269.90491,27900.0,0.41212,
SNRPC,9.223372036854777E13,0.82972,34.0,34.0,59.928,1.0,0.19924,218.13333,6.28035,419.31059,7286.0,0.59358,
RPL8,2.528586613E10,0.49246,58.0,58.0,71.264,1.0,0.19924,254.85,6.64967,3948.43619,76372.0,0.29643,
NDUFB10,6.02416804E8,0.70269,24.0,24.0,29.237,1.0,0.19924,193.85,5.96785,391.80518,5432.0,0.56522,
RAN,2.040434843E9,0.43539,47.0,48.0,67.782,13.0,0.19924,253.86667,6.67997,4596.2474,64012.0,0.26862,
NUTF2,384.0,0.52506,9.0,19.0,30.976,1.0,0.19924,221.46667,6.40156,1676.03566,17090.0,0.18129,
ATP5H,6.0342281E8,0.57404,37.0,37.0,43.127,1.0,0.19924,225.38333,6.37315,1656.2653,25228.0,0.3994,
RANBP1,1402.0,0.40214,22.0,26.0,44.66,3.0,0.19924,229.81667,6.47543,1994.7384,26096.0,0.24,
SNW1,9.223372036854777E13,0.73764,35.0,36.0,54.262,1.0,0.19924,223.55,6.33906,1371.77145,17356.0,0.49365,
SF3B1,9.223372036854777E13,0.58029,51.0,52.0,67.101,3.0,0.19924,243.26667,6.52277,4219.02747,47416.0,0.34992,
UBE2I,528.0,0.19854,37.0,39.0,43.154,12.0,0.19924,236.88333,6.50383,5404.55036,52148.0,0.12416,
RANBP2,4082849.0,0.35913,40.0,41.0,56.641,2.0,0.19924,238.65,6.52088,3271.51437,44214.0,0.23171,
UQCRQ,6.03264825E8,0.51943,35.0,36.0,45.407,3.0,0.19924,223.65,6.34474,2605.84188,33168.0,0.34762,
UQCRFS1,6.03316518E8,0.63437,33.0,35.0,40.603,1.0,0.19924,217.83333,6.28224,1658.43403,21772.0,0.40672,
BAZ1B,449.0,0.40059,15.0,16.0,20.536,3.0,0.16604,199.3,6.08338,795.87762,7172.0,0.33333,
SMARCA5,1170.0,0.28279,31.0,31.0,33.571,5.0,0.16604,221.28333,6.31823,2974.00541,33034.0,0.2086,
LSM3,9.223372036854777E13,0.59796,44.0,44.0,67.965,1.0,0.19924,233.63333,6.43186,2463.69033,31554.0,0.39323,
LSM7,9.223372036854777E13,0.80931,32.0,34.0,55.68,2.0,0.19924,218.11667,6.2652,1793.14762,21360.0,0.52228,
ATP5C1,4.437746E8,0.49711,40.0,42.0,48.966,9.0,0.19924,235.1,6.47921,5223.29147,52992.0,0.30546,
ATP5A1,4.4572205E7,0.44796,43.0,44.0,54.934,2.0,0.19924,239.86667,6.53035,4340.14954,58410.0,0.2833,
S100A10,248.0,0.5854,7.0,9.0,8.348,2.0,0.16604,179.13333,5.83148,1149.6621,11044.0,0.44444,
ANXA2,690.0,0.30272,26.0,26.0,30.733,8.0,0.19924,225.46667,6.42239,2714.3823,26130.0,0.23692,
RPN1,6.746475899E9,0.41439,39.0,40.0,54.434,5.0,0.19924,234.46667,6.47353,5260.75251,61752.0,0.26923,
DAD1,22.0,0.38039,6.0,8.0,8.913,1.0,0.19924,182.01667,5.90535,333.54347,3106.0,0.28571,
WDR43,1372903.0,0.64237,22.0,23.0,44.28,2.0,0.19924,207.81667,6.17429,423.28108,6390.0,0.48617,
NHP2,1.04888353E9,0.48108,48.0,50.0,67.92,3.0,0.19924,242.88333,6.53224,3636.18806,52526.0,0.28408,
NDUFC1,2.7947304E8,0.95127,16.0,16.0,22.288,1.0,0.19924,180.96667,5.81065,7.75018,170.0,0.88333,
SOD2,74041.0,0.37948,38.0,39.0,50.85,12.0,0.19924,237.9,6.52467,4205.58513,51922.0,0.24831,
SOD1,21863.0,0.28738,47.0,48.0,53.277,4.0,0.19924,246.38333,6.58527,6650.40597,73546.0,0.1773,
NDUFA1,1.59683966E8,0.63306,21.0,21.0,28.344,1.0,0.19924,204.51667,6.15345,500.09659,7434.0,0.53333,
HIF1A,47393.0,0.31893,34.0,35.0,45.079,12.0,0.19924,238.06667,6.5455,3835.25979,44026.0,0.21513,
EP300,1345.0,0.20654,54.0,59.0,50.024,16.0,0.19924,254.06667,6.63262,14341.58283,142926.0,0.10637,
SNRPN,9.223372036854777E13,0.92735,29.0,29.0,52.984,1.0,0.19924,210.91667,6.19891,227.69055,3554.0,0.69951,
EIF1AX,1.4489809583E10,0.53862,32.0,33.0,54.946,2.0,0.19924,228.28333,6.41482,1713.53912,23206.0,0.36932,
ATP5G3,3.63752664E8,0.72071,24.0,24.0,37.906,1.0,0.19924,210.1,6.23868,496.54713,10368.0,0.57971,
RBM22,9.223372036854777E13,1.18155,23.0,23.0,49.297,1.0,0.16604,202.15,6.09285,2.22768,58.0,0.96443,
TRA2B,9.223372036854777E13,0.61357,47.0,47.0,65.675,2.0,0.19924,236.68333,6.46785,1605.36743,28930.0,0.395,
SRSF6,9.223372036854777E13,0.74459,42.0,44.0,61.848,1.0,0.19924,230.53333,6.39399,1761.72705,20008.0,0.45349,
EIF4A3,9.223372036854777E13,0.49129,72.0,73.0,76.922,8.0,0.19924,256.56667,6.60043,7791.45476,104916.0,0.26865,
SEC11C,6.706022432E9,0.8346,16.0,22.0,36.178,7.0,0.19924,206.68333,6.17807,1990.33373,26454.0,0.40693,
SPCS3,4.7900665E8,0.75111,15.0,17.0,32.618,4.0,0.19924,201.61667,6.12504,1810.78694,24058.0,0.55147,
CWC15,9.223372036854777E13,0.95926,26.0,26.0,51.976,1.0,0.19924,213.21667,6.25951,178.34929,3932.0,0.75077,
PDIA6,334.0,0.29143,17.0,17.0,27.672,5.0,0.19924,209.35,6.2652,995.78213,12318.0,0.26471,
HSP90B1,462054.0,0.35823,37.0,37.0,51.199,6.0,0.19924,243.11667,6.60043,3991.63922,50720.0,0.24925,
GNG2,864.0,0.37162,14.0,14.0,17.732,4.0,0.19924,202.38333,6.16292,881.5106,19944.0,0.36264,
GNAI2,799.0,0.42151,13.0,14.0,9.46,2.0,0.16604,183.78333,5.84853,1288.34925,17056.0,0.36264,
RSL1D1,1313545.0,0.79334,18.0,19.0,38.602,2.0,0.19924,203.48333,6.13451,1005.11605,13210.0,0.63158,
SEC61B,6.746307158E9,0.5386,26.0,26.0,41.815,1.0,0.19924,214.58333,6.28035,1822.98163,25428.0,0.42154,
RAD23A,6561.0,0.34844,19.0,20.0,34.268,3.0,0.19924,218.63333,6.358,1274.81107,18218.0,0.27368,
XPC,26.0,0.2864,9.0,11.0,13.719,1.0,0.19924,196.88333,6.10421,529.71515,4842.0,0.23636,
RAB1A,329.0,0.23113,25.0,26.0,21.291,5.0,0.19924,216.43333,6.30308,3766.46376,29342.0,0.16923,
GDI2,406.0,0.28827,21.0,21.0,28.064,1.0,0.19924,218.61667,6.36936,2147.53307,24312.0,0.24286,
MRPS6,6747.0,0.57479,13.0,16.0,26.938,5.0,0.16604,198.26667,6.0758,1464.05974,24092.0,0.375,
MRPL33,7476.0,0.44525,17.0,17.0,30.544,1.0,0.19924,201.11667,6.11936,688.12935,14352.0,0.40441,
SRP9,6.266937657E9,0.7713,18.0,21.0,41.678,3.0,0.19924,211.35,6.24815,1945.98146,17550.0,0.5,
ATP5G2,1.20234246E8,0.80954,17.0,17.0,26.487,1.0,0.19924,195.76667,6.06065,161.98149,3254.0,0.73529,
USP10,17.0,0.32413,5.0,12.0,16.649,4.0,0.19924,194.6,6.05876,1191.79663,9018.0,0.10606,
G3BP1,129.0,0.35765,13.0,14.0,26.249,3.0,0.19924,208.75,6.25383,643.12661,7602.0,0.30769,
RAB8A,230.0,0.35765,13.0,13.0,10.461,1.0,0.19924,190.25,5.99057,574.06914,5522.0,0.35897,
NCOA3,118.0,0.3321,13.0,13.0,22.846,1.0,0.16604,206.65,6.21595,378.03629,5198.0,0.33333,
SQSTM1,2663.0,0.32779,25.0,26.0,25.093,7.0,0.19924,218.0,6.32012,2712.17849,27960.0,0.24,
GABARAPL2,1037.0,0.38056,15.0,18.0,11.964,2.0,0.19924,197.65,6.07391,1628.31486,12166.0,0.24837,
PRPF40A,9.223372036854777E13,0.68841,37.0,38.0,53.641,2.0,0.19924,225.05,6.35421,2426.02863,23380.0,0.45377,
RBM25,1.395828975068E12,0.55065,38.0,38.0,57.926,1.0,0.19924,223.08333,6.32959,1528.44809,19354.0,0.3798,
MRPS18C,1706.0,0.4726,13.0,13.0,22.985,1.0,0.16604,193.75,6.03224,422.1246,9998.0,0.47436,
PSME2,3870736.0,0.62316,19.0,21.0,27.214,1.0,0.19924,212.65,6.28224,912.3782,9348.0,0.44286,
KMT2C,150.0,0.39027,11.0,13.0,12.121,4.0,0.16604,194.05,6.03224,2171.97483,20112.0,0.29487,
RAB8B,195.0,0.47733,9.0,10.0,8.7,1.0,0.19924,184.43333,5.91103,211.04625,2622.0,0.44444,
TRAPPC4,4.0,0.30898,3.0,3.0,3.627,1.0,0.19924,161.83333,5.56254,9.96745,104.0,0.66667,
RBM17,9.223372036854777E13,1.07583,25.0,26.0,50.286,2.0,0.16604,206.56667,6.14398,461.27771,5108.0,0.78769,
RNF7,363652.0,0.61311,13.0,15.0,12.523,2.0,0.19924,193.65,6.03982,537.57504,4496.0,0.45714,
TOMM20,1018.0,0.4726,13.0,15.0,27.193,3.0,0.19924,208.41667,6.24815,891.01658,10346.0,0.35238,
VDAC1,133298.0,0.40072,30.0,32.0,38.611,1.0,0.19924,228.35,6.43186,2765.13791,34274.0,0.26411,
ATG12,1062.0,0.42062,15.0,15.0,14.704,2.0,0.19924,195.3,6.05686,465.28182,5428.0,0.4,
DERL1,130.0,0.23336,20.0,20.0,26.456,1.0,0.19924,217.15,6.34285,2239.73044,26066.0,0.2,
DERL2,88.0,0.28101,13.0,13.0,16.9,2.0,0.19924,197.11667,6.10232,592.21419,7256.0,0.28205,
PGAM1,1746.0,0.52686,12.0,12.0,20.842,1.0,0.16604,197.6,6.10421,111.2525,2056.0,0.54545,
ENO1,81304.0,0.34934,43.0,43.0,57.099,1.0,0.19924,246.2,6.61179,3332.44741,46054.0,0.23145,
CD47,16.0,0.30898,3.0,12.0,9.304,4.0,0.16604,193.26667,6.05876,2021.3232,15792.0,0.09091,
THBS1,52.0,0.358,9.0,13.0,16.693,4.0,0.19924,208.0,6.25383,1311.29471,12402.0,0.19231,
COX6A1,2.79417724E8,0.82573,17.0,19.0,23.208,2.0,0.19924,184.06667,5.84474,1333.30809,17358.0,0.59649,
AHNAK,245.0,0.66569,6.0,11.0,12.335,2.0,0.16604,189.93333,5.99626,868.55233,6796.0,0.27273,
ARF1,84.0,0.23333,16.0,20.0,16.428,5.0,0.19924,212.73333,6.29171,3527.27162,27720.0,0.13684,
AP1G1,80.0,0.4296,9.0,13.0,13.863,2.0,0.19924,201.13333,6.16482,1592.07338,11364.0,0.24359,
VDAC2,62410.0,0.46846,24.0,24.0,33.085,2.0,0.19924,218.21667,6.33148,885.71685,13070.0,0.37681,
PGK1,24993.0,0.49614,22.0,27.0,42.82,4.0,0.19924,232.78333,6.5152,3685.0051,37900.0,0.27066,
MRPL51,129.0,0.52304,6.0,10.0,13.205,1.0,0.19924,189.43333,5.983,440.70229,5496.0,0.31111,
EIF4E,6.706403424E9,0.39071,39.0,39.0,58.172,5.0,0.19924,238.1,6.51899,4212.39701,55476.0,0.26721,
EIF4EBP2,12.0,0.28529,6.0,6.0,11.451,1.0,0.16604,187.01667,5.96785,120.89734,1572.0,0.4,
WASF2,211.0,0.40978,12.0,13.0,10.97,2.0,0.19924,192.58333,6.02466,1149.31588,8706.0,0.35897,
CHMP4A,16.0,0.2927,7.0,7.0,7.219,1.0,0.19924,183.06667,5.92239,214.64054,1940.0,0.38095,
CHMP2B,74.0,0.3791,10.0,12.0,12.201,2.0,0.19924,192.6,6.03982,687.98791,6374.0,0.28788,
RAB7A,1302.0,0.27035,28.0,32.0,22.719,4.0,0.19924,219.7,6.31255,4149.99011,35240.0,0.15726,
STRAP,71.0,0.3791,10.0,11.0,28.102,1.0,0.19924,203.73333,6.2008,99.27354,1534.0,0.34545,
SMN1,46349.0,0.5518,14.0,15.0,31.735,1.0,0.19924,203.53333,6.17618,552.49916,6192.0,0.46667,
NASP,170.0,0.45346,9.0,9.0,13.029,1.0,0.16604,182.86667,5.87504,89.25835,1038.0,0.52778,
ASF1A,356.0,0.33191,17.0,19.0,17.67,3.0,0.16604,195.61667,6.01709,2602.04351,28088.0,0.23977,
RSF1,15.0,0.38896,5.0,6.0,6.554,1.0,0.16604,173.33333,5.72163,50.90084,406.0,0.4,
TOP2B,172.0,0.39597,13.0,13.0,18.336,1.0,0.16604,195.46667,6.04171,140.24343,1984.0,0.39744,
SUPT16H,448.0,0.30706,20.0,20.0,24.386,3.0,0.16604,199.28333,6.06444,708.8092,8276.0,0.26316,
IFITM2,40322.0,0.69213,9.0,9.0,8.189,1.0,0.16604,180.21667,5.858,111.15198,1146.0,0.80556,
IFITM3,41162.0,0.64479,11.0,11.0,11.226,1.0,0.19924,191.81667,6.0455,172.42785,2090.0,0.69091,
RHOG,292.0,0.34102,16.0,16.0,13.465,1.0,0.19924,200.68333,6.13451,962.23626,11030.0,0.31667,
ELMO1,126.0,0.41901,10.0,10.0,7.534,1.0,0.19924,178.53333,5.79928,143.449,1472.0,0.46667,
ATF4,3178.0,0.36233,20.0,20.0,26.013,1.0,0.19924,220.63333,6.3883,1150.78601,14594.0,0.31053,
XBP1,4764.0,0.39303,20.0,20.0,28.705,1.0,0.19924,216.3,6.3258,1621.70858,18074.0,0.33684,
CFL1,388.0,0.2752,26.0,30.0,27.511,6.0,0.19924,219.76667,6.33906,4211.4777,41366.0,0.16322,
RHOA,401.0,0.22194,30.0,31.0,25.233,8.0,0.19924,223.3,6.36747,6051.88467,60176.0,0.15484,
STAT2,41336.0,0.54053,14.0,14.0,13.607,1.0,0.19924,199.86667,6.13451,472.66213,6140.0,0.52747,
IFNAR1,273.0,0.47733,9.0,10.0,10.084,1.0,0.19924,196.98333,6.11557,255.23784,3050.0,0.44444,
TMEM258,30.0,0.38896,5.0,13.0,18.044,3.0,0.19924,203.11667,6.17618,1297.01659,9660.0,0.14103,
SRPR,6.227021675E9,0.62986,19.0,20.0,41.42,1.0,0.19924,215.41667,6.32391,1264.56781,14456.0,0.49474,
PTPN22,15.0,0.32413,5.0,10.0,7.25,2.0,0.16604,184.63333,5.91671,1179.7078,9322.0,0.13333,
LCK,164.0,0.21012,25.0,25.0,18.288,5.0,0.19924,212.86667,6.25762,2577.82046,26050.0,0.16667,
BTG2,10.0,0.46346,3.0,7.0,6.815,2.0,0.16604,174.43333,5.75762,485.31376,4364.0,0.19048,
DPY30,80.0,0.358,9.0,11.0,17.105,2.0,0.19924,204.21667,6.19512,787.11896,6644.0,0.27273,
STAT3,4081.0,0.2054,54.0,57.0,50.082,24.0,0.19924,261.11667,6.73679,14767.42882,153878.0,0.11341,
PCF11,9.223372036854777E13,0.78997,32.0,32.0,53.337,2.0,0.16604,214.73333,6.233,692.38673,8688.0,0.57661,
OPTN,240.0,0.33049,15.0,15.0,12.805,1.0,0.19924,196.18333,6.07391,899.81198,7170.0,0.31429,
CD3D,443.0,0.26715,17.0,25.0,13.717,4.0,0.19924,207.56667,6.18376,3429.18009,27360.0,0.14667,
MCL1,1020.0,0.34525,18.0,22.0,28.843,2.0,0.19924,224.18333,6.42997,2037.86703,21656.0,0.20346,
IRF4,41285.0,0.33333,24.0,25.0,19.541,5.0,0.19924,210.88333,6.24058,2290.25863,19868.0,0.24667,
PPP1R2,3.0,0.0,1.0,3.0,5.085,1.0,0.19924,171.66667,5.75951,74.78859,446.0,0.0,
PPP1CA,37.0,0.2864,9.0,16.0,25.73,2.0,0.19924,219.01667,6.38073,1608.56865,15720.0,0.10833,
BLOC1S1,6.0,0.30898,3.0,5.0,3.147,2.0,0.16604,157.5,5.43375,400.69151,2078.0,0.2,
BLOC1S6,10.0,0.30898,3.0,6.0,3.163,3.0,0.16604,163.05,5.56254,458.75872,2420.0,0.33333,
DHX9,9.223372036854777E13,0.54727,56.0,57.0,68.833,4.0,0.19924,246.01667,6.53793,3815.54743,50698.0,0.32143,
SSR1,6.70610313E9,0.71237,20.0,22.0,41.06,4.0,0.19924,212.36667,6.25951,1952.17124,28036.0,0.50216,
MRPL57,124.0,0.43905,7.0,7.0,8.815,1.0,0.16604,162.46667,5.49815,35.97028,488.0,0.57143,
SERP1,7.0,0.30898,3.0,6.0,7.736,2.0,0.16604,169.06667,5.67428,1082.95451,14930.0,0.2,
CCL4,979.0,0.43076,16.0,17.0,13.671,3.0,0.19924,195.0,6.03792,519.10152,7518.0,0.35294,
CCL3,122.0,0.41901,10.0,10.0,9.771,1.0,0.19924,185.48333,5.93375,106.39291,2156.0,0.46667,
ATP1A1,137.0,0.5012,9.0,14.0,15.474,4.0,0.19924,206.73333,6.22921,1575.54116,12278.0,0.24176,
ATP1B3,9.0,0.46346,3.0,6.0,6.785,1.0,0.19924,176.18333,5.81633,243.44999,1784.0,0.2,
SARNP,454467.0,0.72107,15.0,18.0,38.647,1.0,0.19924,207.61667,6.21217,550.63959,5934.0,0.47059,
NXT1,403494.0,0.66441,14.0,14.0,31.465,1.0,0.19924,201.03333,6.14777,70.07305,1338.0,0.64835,
KPNA2,330.0,0.31088,21.0,23.0,36.997,5.0,0.19924,229.51667,6.48868,2134.46044,24948.0,0.21739,
PARP14,3.0,0.30779,2.0,3.0,2.715,1.0,0.16604,155.33333,5.40913,26.0663,132.0,0.33333,
DTX3L,362888.0,0.7582,10.0,12.0,10.262,2.0,0.19924,190.0,5.99815,493.3383,4072.0,0.57576,
SET,80.0,0.25037,15.0,15.0,30.316,3.0,0.19924,221.55,6.41292,1386.47603,17342.0,0.2381,
GZMA,284.0,0.35124,12.0,12.0,11.096,1.0,0.19924,194.93333,6.08527,985.56078,11022.0,0.36364,
TPR,907250.0,0.44896,31.0,33.0,53.262,4.0,0.19924,232.11667,6.47732,2768.45342,34548.0,0.29167,
TLK1,1.0,0.0,1.0,1.0,1.654,1.0,0.14232,139.42619,5.02276,0.0,0.0,0.0,
RTN4,26.0,0.33284,6.0,14.0,15.332,2.0,0.16604,214.46667,6.33906,1792.64819,14520.0,0.12088,
NR3C1,175.0,0.28813,19.0,20.0,28.981,1.0,0.16604,224.81667,6.43755,1090.57592,15416.0,0.22632,
RABEP1,39.0,0.43905,7.0,8.0,5.219,1.0,0.16604,173.43333,5.73678,232.56661,1802.0,0.42857,
GGA2,55.0,0.52304,6.0,7.0,3.884,2.0,0.16604,166.36667,5.61746,161.3583,1190.0,0.52381,
ZNF207,6.0,0.30779,2.0,6.0,9.5,2.0,0.19924,185.56667,5.96785,1133.53883,8194.0,0.06667,
BUB3,3629202.0,0.3236,31.0,33.0,46.281,3.0,0.19924,233.2,6.48679,3813.90576,46608.0,0.21023,
EEF1B2,1.7005681917E10,0.50386,41.0,42.0,62.979,7.0,0.19924,240.55,6.53982,3830.28184,47650.0,0.32288,
FYTTD1,403200.0,0.85796,10.0,10.0,24.563,1.0,0.16604,187.53333,5.93754,2.04491,58.0,0.95556,
WIPF1,32.0,0.51861,5.0,7.0,5.226,1.0,0.16604,174.76667,5.77087,54.24339,528.0,0.42857,
RBM5,9.223372036854777E13,1.02132,27.0,28.0,51.824,1.0,0.16604,207.31667,6.1383,385.76204,4420.0,0.7328,
SSH2,2.0,0.0,1.0,2.0,2.672,2.0,0.16604,152.15,5.35042,539.20618,4730.0,0.0,
AP3S1,20.0,0.45378,5.0,7.0,6.986,1.0,0.16604,181.7,5.92429,269.82241,2180.0,0.33333,
IRF1,41508.0,0.38125,22.0,22.0,21.605,3.0,0.19924,211.85,6.26709,1344.08346,16150.0,0.31602,
S100A6,126.0,0.52304,6.0,10.0,8.678,1.0,0.16604,186.98333,5.97542,524.13828,4790.0,0.24444,
CACYBP,40382.0,0.40059,15.0,15.0,30.178,2.0,0.19924,212.81667,6.31065,403.63082,5356.0,0.38095,
DNAJB11,76.0,0.4082,8.0,8.0,13.764,1.0,0.19924,188.18333,6.00004,189.67168,2714.0,0.5,
RHEB,741.0,0.30655,13.0,14.0,13.386,1.0,0.19924,198.83333,6.11368,1120.49797,10342.0,0.26374,
PTGES3,524856.0,0.35918,29.0,31.0,46.591,5.0,0.19924,237.65,6.55118,2767.79939,31270.0,0.23656,
HSPA1A,382112.0,0.36437,33.0,33.0,49.636,1.0,0.19924,241.81667,6.59853,3280.31404,47784.0,0.26326,
CPSF6,158044.0,0.64437,21.0,23.0,45.562,1.0,0.19924,216.3,6.30876,962.37087,12208.0,0.45059,
PDCL3,26.0,0.45378,5.0,5.0,13.971,1.0,0.16604,185.86667,5.97921,11.8789,180.0,0.7,
CCL5,1002.0,0.30523,21.0,21.0,17.381,2.0,0.19924,201.1,6.11179,1284.72824,14948.0,0.25714,
HIPK2,9.0,0.37893,4.0,5.0,9.056,1.0,0.16604,186.5,5.97353,101.9855,890.0,0.4,
TP53INP1,11.0,0.25931,5.0,8.0,7.665,1.0,0.19924,187.2,5.983,287.81504,2676.0,0.14286,
TRAM1,6.70602243E9,0.84358,16.0,16.0,34.945,1.0,0.19924,196.31667,6.04739,76.39111,1616.0,0.78333,
TOMM6,24.0,0.56839,4.0,4.0,8.521,1.0,0.16604,173.13333,5.75194,0.0,0.0,1.0,
SYNCRIP,9.61749449E8,0.47556,39.0,40.0,64.55,1.0,0.19924,236.23333,6.49436,2009.21129,31034.0,0.30897,
LYN,114.0,0.22667,17.0,19.0,14.844,2.0,0.16604,207.66667,6.21974,2495.33925,23132.0,0.16374,
KRTCAP2,7.0,0.46346,3.0,4.0,6.162,1.0,0.19924,168.93333,5.68565,43.19952,306.0,0.5,
RB1CC1,994.0,0.49207,11.0,13.0,10.335,1.0,0.16604,186.7,5.92997,410.92313,3566.0,0.37179,
DDX24,726001.0,0.47747,18.0,21.0,34.882,4.0,0.19924,213.88333,6.28035,2699.13354,27056.0,0.30952,
CD63,83.0,0.32239,11.0,12.0,17.761,2.0,0.16604,204.01667,6.19512,801.27819,7596.0,0.28788,
LAMP2,770.0,0.33783,14.0,16.0,17.543,1.0,0.19924,202.25,6.1705,915.04032,8310.0,0.25,
TGOLN2,257.0,0.30852,18.0,19.0,12.224,1.0,0.19924,203.61667,6.16292,1843.41894,13282.0,0.24561,
M6PR,211.0,0.45814,11.0,12.0,8.369,1.0,0.19924,189.83333,5.97921,426.14541,3436.0,0.40909,
PRPF39,3992526.0,0.58332,16.0,16.0,31.122,2.0,0.16604,192.33333,5.99057,239.87993,2666.0,0.54167,
HSPA4,9.59069727E8,0.28642,66.0,67.0,68.867,9.0,0.19924,266.73333,6.75762,13089.69444,148434.0,0.16056,
RPF1,1211161.0,0.82122,15.0,16.0,30.945,1.0,0.19924,198.65,6.0758,65.52006,1300.0,0.68333,
SRSF10,2.616308247986E12,0.74383,25.0,25.0,46.666,2.0,0.16604,207.4,6.1705,415.62131,5894.0,0.59,
CHD4,600.0,0.30118,18.0,20.0,23.597,2.0,0.19924,213.21667,6.27467,1610.49754,15902.0,0.22105,
H2AFV,1521.0,0.25052,42.0,43.0,36.111,8.0,0.19924,234.53333,6.44512,7385.74407,72170.0,0.15947,
GNG5,852.0,0.42441,12.0,12.0,18.657,1.0,0.19924,197.38333,6.1061,695.08584,16566.0,0.43939,
DNTTIP2,443522.0,0.8484,11.0,13.0,28.485,1.0,0.19924,190.68333,5.97921,62.04307,878.0,0.64103,
TRAT1,8.0,0.37893,4.0,4.0,3.663,1.0,0.16604,164.38333,5.58527,7.45871,116.0,0.66667,
SLC25A3,35554.0,0.45444,20.0,20.0,32.898,1.0,0.19924,210.91667,6.25194,746.68765,11144.0,0.38947,
NGLY1,47.0,0.43905,7.0,10.0,11.271,2.0,0.19924,184.2,5.92429,454.07729,4244.0,0.26667,
SREK1,422.0,0.42441,12.0,12.0,24.332,1.0,0.16604,189.63333,5.97353,73.78334,1012.0,0.43939,
RUNX3,40425.0,0.31934,20.0,21.0,28.048,5.0,0.19924,221.18333,6.39209,1796.56803,19812.0,0.24762,
BRD2,126.0,0.43905,7.0,9.0,11.03,1.0,0.16604,188.7,5.96974,323.40318,3008.0,0.33333,
ADAR,41172.0,0.42179,16.0,18.0,24.691,2.0,0.19924,211.93333,6.27845,2354.01912,19812.0,0.30719,
DCP1A,363162.0,0.44895,19.0,19.0,39.179,2.0,0.19924,213.51667,6.28224,605.70237,12332.0,0.39181,
TUBA1B,856.0,0.4242,11.0,15.0,26.446,2.0,0.19924,213.91667,6.3258,1414.10514,14904.0,0.2381,
MDH2,923694.0,0.60543,26.0,26.0,40.949,1.0,0.19924,212.85,6.25383,680.24842,10206.0,0.47385,
FOSL2,21.0,0.38039,6.0,7.0,8.669,2.0,0.16604,184.65,5.93375,1067.67236,9766.0,0.38095,
ARIH2,363600.0,0.81806,10.0,10.0,10.558,1.0,0.16604,181.08333,5.87125,7.71115,144.0,0.91111,
UBE2N,403408.0,0.29621,33.0,37.0,43.368,10.0,0.19924,242.78333,6.59285,7924.92434,76152.0,0.16967,
MAF,86.0,0.3366,12.0,12.0,14.845,1.0,0.16604,201.7,6.16482,542.00956,6580.0,0.34848,
MRPS36,121.0,0.64826,5.0,6.0,7.422,1.0,0.16604,153.66667,5.33148,15.36046,62.0,0.66667,
AP2M1,162.0,0.39905,10.0,14.0,8.37,3.0,0.16604,191.18333,5.99057,1201.68051,8134.0,0.21978,
VIM,22.0,0.45378,5.0,9.0,16.738,1.0,0.19924,204.25,6.22732,392.73497,3916.0,0.19444,
U2AF1L4,9.223372036854777E13,0.895,31.0,32.0,54.159,2.0,0.19924,216.5,6.26709,974.19485,9840.0,0.61895,
HLA-F,40328.0,0.61853,10.0,10.0,8.327,1.0,0.16604,183.1,5.89777,70.17901,832.0,0.68889,
RGS1,26.0,0.36588,7.0,9.0,5.972,1.0,0.16604,170.08333,5.6383,427.60529,2934.0,0.27778,
FNBP1,129.0,0.47564,7.0,10.0,7.564,1.0,0.19924,190.43333,6.01709,511.85045,3704.0,0.28889,
SMC4,168.0,0.38319,13.0,15.0,19.018,1.0,0.16604,197.68333,6.08338,578.54407,5358.0,0.28571,
MYH9,39.0,0.29929,10.0,13.0,19.574,1.0,0.19924,206.28333,6.23111,718.98991,8458.0,0.19231,
ANXA1,1148.0,0.31335,22.0,22.0,23.898,1.0,0.19924,208.7,6.21217,1505.22347,17450.0,0.25974,
EXOSC8,213.0,0.39514,12.0,13.0,26.907,1.0,0.19924,194.33333,6.0436,562.122,7030.0,0.34615,
IRF8,41489.0,0.33199,25.0,26.0,18.717,1.0,0.19924,212.18333,6.24815,2762.07613,23198.0,0.24308,
RNF181,2.0,0.0,1.0,2.0,3.372,1.0,0.16604,170.3,5.733,2.54705,24.0,0.0,
GPR183,744.0,0.52506,9.0,9.0,6.895,1.0,0.16604,171.21667,5.66671,56.17891,1060.0,0.61111,
GLTSCR2,766639.0,0.66409,16.0,17.0,32.017,1.0,0.19924,201.03333,6.11368,262.60071,3068.0,0.54412,
CYLD,22.0,0.19953,10.0,12.0,11.884,4.0,0.19924,203.45,6.19512,1630.13709,11256.0,0.15152,
POLR2G,9.223372036854777E13,0.5754,38.0,41.0,58.56,3.0,0.19924,240.35,6.53793,4889.55561,49978.0,0.34024,
PELI1,3.0,0.0,1.0,3.0,5.376,1.0,0.16604,171.01667,5.72921,101.68913,1024.0,0.0,
ARHGAP25,6.0,0.46346,3.0,3.0,3.327,1.0,0.16604,155.41667,5.40724,0.0,0.0,1.0,
CD48,318.0,0.39597,13.0,13.0,7.703,1.0,0.19924,182.1,5.85231,197.1035,2020.0,0.39744,
CD2,334.0,0.32048,15.0,17.0,10.136,3.0,0.19924,199.6,6.12504,1540.12287,12866.0,0.23529,
TBCA,124.0,0.43905,7.0,7.0,17.365,1.0,0.16604,191.23333,6.05118,19.13148,332.0,0.57143,
TNFRSF1B,40342.0,0.4054,14.0,18.0,22.047,1.0,0.19924,208.3,6.23868,1569.44498,17182.0,0.24183,
UBE2B,363643.0,0.43715,17.0,22.0,19.329,3.0,0.19924,211.21667,6.24247,2181.07122,16648.0,0.23377,
PAK2,40352.0,0.69213,9.0,16.0,21.631,1.0,0.19924,204.08333,6.19512,927.90373,12522.0,0.31667,
CBLB,363604.0,0.81806,10.0,13.0,11.384,1.0,0.16604,190.6,6.00194,540.17849,3982.0,0.55128,
BCAS4,3.0,0.30779,2.0,3.0,1.401,1.0,0.14232,138.44286,5.00761,28.14125,138.0,0.33333,
IGLL5,32.0,0.2927,7.0,13.0,7.417,3.0,0.19924,190.38333,5.99436,982.6181,7538.0,0.16667,
ILF2,4.9546601E7,0.50845,40.0,43.0,64.687,5.0,0.19924,234.88333,6.46406,4741.90272,58338.0,0.299,
ZFR,2.0,0.0,1.0,2.0,5.348,1.0,0.16604,162.16667,5.55307,72.80072,576.0,0.0,
DDX3X,8582.0,0.42129,23.0,23.0,44.382,1.0,0.19924,215.05,6.27656,537.51615,7092.0,0.34387,
SKIL,3.0,0.0,1.0,3.0,4.273,1.0,0.16604,172.36667,5.73489,80.39055,1080.0,0.0,
SATB1,26.0,0.36588,7.0,7.0,11.376,1.0,0.16604,188.31667,5.96406,103.85711,1368.0,0.47619,
PTP4A1,7.0,0.30779,2.0,7.0,12.391,2.0,0.19924,195.35,6.1061,850.82917,6512.0,0.04762,
TANK,3.0,0.30779,2.0,3.0,3.116,1.0,0.16604,161.78333,5.55118,16.34761,142.0,0.33333,
POLE3,43.0,0.31026,9.0,12.0,15.464,2.0,0.19924,199.61667,6.11557,578.61496,6312.0,0.21212,
RSRC1,6.746782479E9,0.58306,31.0,32.0,55.521,1.0,0.19924,217.48333,6.27277,1212.29904,16924.0,0.40323,
ARAP2,9.0,0.37893,4.0,5.0,4.944,1.0,0.16604,174.91667,5.79928,233.35211,1938.0,0.4,
CORO1A,32.0,0.34989,8.0,12.0,10.247,1.0,0.16604,196.25,6.10421,1164.08958,8510.0,0.18182,
IKZF3,38.0,0.40246,7.0,7.0,7.725,1.0,0.19924,186.41667,5.97163,57.54043,1050.0,0.52381,
CRBN,12.0,0.46346,3.0,9.0,6.995,1.0,0.19924,182.38333,5.89209,403.47847,2870.0,0.08333,
PRKDC,130.0,0.19323,22.0,24.0,37.738,2.0,0.19924,230.71667,6.49815,4096.6759,39474.0,0.13406,
HECTD1,362881.0,0.85919,9.0,10.0,8.621,1.0,0.16604,180.25,5.8561,88.19324,466.0,0.8,
HLA-B,40339.0,0.49759,12.0,15.0,15.344,1.0,0.16604,201.0,6.13641,1079.81511,8428.0,0.33333,
IST1,129.0,0.64826,5.0,11.0,12.254,1.0,0.19924,195.51667,6.09853,726.88577,4914.0,0.23636,
TMF1,5.0,0.0,1.0,5.0,5.782,2.0,0.16604,176.93333,5.83148,795.62285,5090.0,0.0,
UFD1L,247.0,0.34999,16.0,17.0,23.057,1.0,0.19924,200.8,6.12315,704.44117,8070.0,0.28676,
LMAN2,6.0,0.2842,4.0,4.0,5.442,1.0,0.19924,170.93333,5.71784,50.40987,518.0,0.5,
RHOF,229.0,0.44117,11.0,12.0,8.705,2.0,0.19924,182.76667,5.87315,1230.23376,13542.0,0.39394,
MIS18BP1,8.0,0.46346,3.0,5.0,7.051,1.0,0.16604,173.08333,5.72353,69.83862,540.0,0.4,
OAZ1,40321.0,0.8164,8.0,9.0,18.18,2.0,0.19924,183.81667,5.92429,161.64587,1990.0,0.77778,
CCAR1,9.223372036854777E13,1.06322,25.0,26.0,48.331,2.0,0.16604,207.56667,6.16671,543.91659,5884.0,0.77846,
UBE2J1,363678.0,0.55082,15.0,15.0,17.085,1.0,0.19924,197.26667,6.08906,331.78506,4064.0,0.52381,
NABP1,2.0,0.30779,2.0,2.0,6.118,1.0,0.16604,163.1,5.5758,0.0,0.0,1.0,
CCND2,47.0,0.29929,10.0,11.0,13.763,1.0,0.16604,202.03333,6.18186,343.44288,4582.0,0.27273,
RAP1A,134.0,0.33413,9.0,15.0,15.523,1.0,0.19924,214.76667,6.33527,1722.19582,14986.0,0.15238,
SYNE2,24.0,0.56839,4.0,4.0,7.648,1.0,0.16604,174.25,5.75572,0.0,0.0,1.0,
FKBP1A,40.0,0.36588,7.0,16.0,18.936,2.0,0.19924,209.36667,6.26141,2172.88143,19026.0,0.11667,
SDHD,1.63724524E8,0.78398,19.0,21.0,27.944,2.0,0.19924,194.06667,6.00004,1292.85201,13464.0,0.55714,
S100A11,242.0,0.66569,6.0,8.0,8.078,2.0,0.16604,181.61667,5.88262,1107.50635,9376.0,0.5,
CHCHD7,7.0,0.30898,3.0,6.0,8.905,3.0,0.16604,177.01667,5.79739,1577.80929,16316.0,0.13333,
VAPA,130.0,0.22782,19.0,23.0,24.38,1.0,0.19924,217.96667,6.33717,2460.25738,21632.0,0.13834,
ACIN1,290.0,0.55399,8.0,8.0,21.952,1.0,0.16604,185.25,5.91103,7.6534,184.0,0.67857,
PRKCH,7.0,0.46346,3.0,4.0,4.118,1.0,0.16604,161.78333,5.53413,27.46678,546.0,0.5,
RNF114,362880.0,0.85919,9.0,9.0,9.086,1.0,0.16604,178.78333,5.83716,0.0,0.0,1.0,
C14orf2,95760.0,0.81447,11.0,11.0,18.924,1.0,0.19924,178.63333,5.80686,4.84068,168.0,0.87273,
NPC2,146.0,0.61814,6.0,8.0,12.159,1.0,0.16604,195.51667,6.10421,85.43318,916.0,0.5,
RAB30,24.0,0.56839,4.0,4.0,4.277,1.0,0.16604,161.76667,5.52277,0.0,0.0,1.0,
DDX17,9.2700525E7,0.42529,40.0,41.0,58.875,1.0,0.19924,233.48333,6.43944,2568.53654,30026.0,0.27439,
SLA,5.0,0.30898,3.0,4.0,3.738,1.0,0.16604,165.16667,5.60231,170.67877,1030.0,0.33333,
LARP4B,22.0,0.29157,8.0,8.0,20.208,1.0,0.19924,195.85,6.10042,146.99764,1806.0,0.35714,
TNRC6B,80.0,0.4082,8.0,11.0,14.187,1.0,0.16604,192.6,6.00194,512.54904,3894.0,0.29091,
HIGD1A,4.0,0.30779,2.0,4.0,6.729,1.0,0.16604,177.66667,5.83906,158.20878,1164.0,0.16667,
PPP6R3,4.0,0.30779,2.0,4.0,11.739,1.0,0.16604,184.4,5.94133,275.67842,1940.0,0.16667,
ANKRD44,3.0,0.0,1.0,3.0,3.268,1.0,0.16604,158.73333,5.49057,65.44298,338.0,0.0,
AEBP2,3.0,0.0,1.0,3.0,3.193,2.0,0.16604,161.46667,5.51709,377.3566,1778.0,0.0,
WAC,1453.0,0.57279,9.0,10.0,21.984,1.0,0.16604,188.41667,5.95269,96.50801,1164.0,0.53333,
MIA3,9.0,0.46346,3.0,6.0,6.845,1.0,0.16604,177.95,5.83527,150.10887,1118.0,0.26667,
ZCCHC11,12.0,0.47366,4.0,4.0,15.154,1.0,0.16604,181.33333,5.87504,2.29353,52.0,0.83333,
SAFB,7962.0,0.42179,16.0,16.0,32.396,1.0,0.16604,199.83333,6.10232,375.00442,4612.0,0.39167,
CSNK1A1,40329.0,0.52601,11.0,14.0,21.572,1.0,0.19924,208.68333,6.26141,538.39463,5932.0,0.34066,
PDHB,129650.0,0.69785,18.0,20.0,32.118,1.0,0.19924,207.2,6.19891,442.16628,5760.0,0.5,
TAF9,14.0,0.33284,6.0,6.0,12.088,1.0,0.16604,174.63333,5.76898,145.90995,1760.0,0.46667,
APRT,38.0,0.24879,12.0,14.0,24.266,2.0,0.19924,209.08333,6.25951,1699.00355,16024.0,0.18681,
GZMB,517.0,0.3238,22.0,23.0,19.804,2.0,0.19924,219.6,6.36747,2954.10417,29374.0,0.24506,
TWISTNB,443702.0,0.55049,17.0,19.0,32.227,1.0,0.19924,213.23333,6.28224,1032.07873,10704.0,0.39766,
TERF2IP,26.0,0.56839,4.0,6.0,11.383,1.0,0.19924,194.53333,6.08338,145.03956,1926.0,0.46667,
DYNLRB1,6.0,0.30779,2.0,6.0,13.27,1.0,0.19924,186.05,5.96216,187.1166,1666.0,0.13333,
HSPB11,5.0,0.30898,3.0,4.0,5.128,1.0,0.16604,168.61667,5.67618,30.89117,266.0,0.33333,
UTRN,5.0,0.30779,2.0,5.0,4.99,1.0,0.16604,175.25,5.78792,269.96282,1876.0,0.1,
PDCD10,3.0,0.30779,2.0,3.0,5.597,1.0,0.19924,171.73333,5.74057,71.86902,760.0,0.33333,
STRN3,30.0,0.56839,4.0,10.0,16.589,4.0,0.16604,186.9,5.96216,3486.1039,45368.0,0.13333,
EVL,8.0,0.2842,4.0,6.0,3.864,3.0,0.16604,165.16667,5.58527,2109.07084,20014.0,0.2,
CMC2,3.0,0.30779,2.0,3.0,6.338,1.0,0.16604,169.2,5.68565,61.6917,1408.0,0.33333,
PDE4B,9.0,0.46346,3.0,6.0,5.239,1.0,0.16604,172.26667,5.73678,218.94432,1322.0,0.2,
ATP6AP2,11.0,0.46346,3.0,7.0,10.005,1.0,0.16604,179.01667,5.83527,485.85033,3332.0,0.2381,
PEBP1,115.0,0.32657,14.0,15.0,28.584,1.0,0.19924,215.96667,6.34853,700.06862,9460.0,0.27619,
ARPP19,2.0,0.0,1.0,2.0,1.245,2.0,0.14232,135.10952,4.94511,1050.0,8864.0,0.0,
ENSA,1.0,0.0,1.0,1.0,1.054,1.0,0.12453,107.06548,3.95079,0.0,0.0,0.0,
CYSTM1,10.0,0.46346,3.0,7.0,5.052,1.0,0.16604,175.41667,5.75572,678.3845,5860.0,0.14286,
FAM60A,3.0,0.30779,2.0,3.0,4.688,1.0,0.19924,167.71667,5.69322,55.86814,420.0,0.33333,
CNN2,3.0,0.30779,2.0,3.0,5.393,1.0,0.16604,162.95,5.55686,58.79748,522.0,0.33333,
HINT1,10491.0,0.37871,21.0,24.0,36.991,2.0,0.19924,226.03333,6.43944,1775.81118,20758.0,0.24638,
CEP57,3.0,0.30779,2.0,3.0,2.923,1.0,0.16604,161.75,5.57012,69.31869,452.0,0.33333,
YPEL5,5.0,0.30779,2.0,5.0,5.734,2.0,0.16604,167.0,5.61936,1180.24562,11286.0,0.1,
NT5C3A,14.0,0.38896,5.0,7.0,4.876,2.0,0.16604,161.98333,5.53034,193.612,1680.0,0.28571,
SVIP,12.0,0.46346,3.0,6.0,5.275,1.0,0.16604,168.96667,5.68186,134.95051,1128.0,0.4,
NFE2L2,213.0,0.47886,10.0,11.0,16.856,1.0,0.19924,205.45,6.22542,537.90232,6092.0,0.43636,
USP9X,18.0,0.23775,6.0,13.0,13.296,2.0,0.19924,201.53333,6.16482,867.28416,6914.0,0.08974,
SETX,39.0,0.25938,10.0,11.0,20.94,1.0,0.19924,210.93333,6.30118,649.57167,7208.0,0.23636,
KLRB1,150.0,0.54881,7.0,7.0,5.602,1.0,0.19924,168.66667,5.65156,10.8343,130.0,0.71429,
TMX1,7.0,0.30779,2.0,7.0,11.677,2.0,0.19924,186.83333,5.95648,896.86822,8898.0,0.09524,
LSM14A,91.0,0.32239,11.0,12.0,22.15,1.0,0.19924,194.23333,6.06254,157.41864,2492.0,0.28788,
IKZF1,168.0,0.22979,22.0,24.0,17.631,8.0,0.19924,214.63333,6.28792,4670.43906,35900.0,0.15942,
SFPQ,1.0032718E7,0.51376,32.0,34.0,52.356,2.0,0.19924,227.41667,6.39967,1968.82985,26194.0,0.33155,
UBE2L3,749.0,0.30405,14.0,15.0,19.632,1.0,0.19924,210.75,6.28035,694.05703,8306.0,0.25714,
USP8,21.0,0.23866,9.0,10.0,11.979,1.0,0.16604,192.21667,6.04171,444.81113,3554.0,0.22222,
PPP1R16B,2.0,0.0,1.0,2.0,6.491,1.0,0.19924,176.33333,5.85042,2.73162,82.0,0.0,
HIST2H2AA3,759.0,0.41286,17.0,18.0,15.923,4.0,0.19924,204.23333,6.1705,1026.94119,12180.0,0.33333,
NOL7,3.0,0.0,1.0,3.0,7.073,1.0,0.16604,168.75,5.67997,14.96829,202.0,0.0,
STMN1,17.0,0.33284,6.0,9.0,11.982,1.0,0.19924,200.98333,6.17618,323.90361,3370.0,0.19444,
TTC1,11.0,0.46346,3.0,8.0,12.452,1.0,0.19924,198.2,6.14777,295.37948,3190.0,0.10714,
EDF1,13.0,0.37893,4.0,9.0,19.35,1.0,0.19924,197.38333,6.11747,174.29525,2214.0,0.16667,
NAP1L4,26.0,0.45378,5.0,9.0,16.28,2.0,0.19924,198.06667,6.12883,637.48803,8202.0,0.30556,
LCP1,51.0,0.31924,10.0,11.0,9.697,1.0,0.19924,192.95,6.05497,783.76413,6214.0,0.29091,
USP15,11.0,0.37893,4.0,7.0,6.839,1.0,0.16604,181.43333,5.88262,175.87546,1350.0,0.2381,
ENSG00000173575,24.0,0.56839,4.0,4.0,6.358,1.0,0.16604,165.08333,5.57201,0.0,0.0,1.0,
TECR,38.0,0.47549,6.0,10.0,11.958,8.0,0.16604,185.26667,5.91292,4200.57053,38686.0,0.22222,
HFE,49.0,0.58344,5.0,6.0,8.121,1.0,0.16604,180.06667,5.83906,97.34499,998.0,0.6,
GADD45B,7.0,0.46346,3.0,4.0,2.398,1.0,0.16604,154.5,5.39019,128.38477,940.0,0.5,
SLK,4.0,0.0,1.0,4.0,6.256,1.0,0.19924,180.91667,5.91482,345.63404,2430.0,0.0,
MTPN,4.0,0.0,1.0,4.0,4.415,3.0,0.16604,170.31667,5.71784,458.41038,3548.0,0.0,
UFM1,28.0,0.26253,9.0,13.0,17.041,1.0,0.16604,204.3,6.19133,908.82645,8802.0,0.15385,
ETFA,94591.0,0.54276,19.0,20.0,30.756,1.0,0.19924,208.21667,6.21785,1047.23697,11536.0,0.42632,
THUMPD1,4.0,0.30779,2.0,4.0,8.804,1.0,0.16604,177.7,5.81822,101.90364,938.0,0.16667,
CAPG,56.0,0.34989,8.0,10.0,9.664,1.0,0.19924,190.01667,6.01898,538.03164,3970.0,0.26667,
DGUOK,726.0,0.71324,6.0,9.0,11.511,1.0,0.19924,175.2,5.76141,194.83759,1902.0,0.5,
DNAJC9,5.0,0.30779,2.0,5.0,7.735,1.0,0.16604,178.81667,5.83527,77.5164,960.0,0.1,
UBXN4,38.0,0.40246,7.0,7.0,7.896,1.0,0.16604,175.13333,5.77656,132.45496,968.0,0.52381,
REEP5,16.0,0.25611,7.0,9.0,7.899,2.0,0.16604,188.45,6.00383,1247.23481,8630.0,0.19444,
HNRNPH3,25736.0,0.57085,15.0,15.0,34.864,1.0,0.19924,202.63333,6.15345,127.85636,1946.0,0.54286,
BTF3,362888.0,0.66175,11.0,11.0,26.708,1.0,0.16604,195.25,6.06065,23.75104,472.0,0.70909,
FUBP1,15499.0,0.5923,16.0,21.0,35.293,2.0,0.19924,210.05,6.23489,2080.15131,18304.0,0.31905,
KLF6,2.0,0.0,1.0,2.0,2.273,1.0,0.16604,152.8,5.36936,22.05476,174.0,0.0,
WDR26,2.0,0.0,1.0,2.0,2.992,1.0,0.16604,146.05,5.18186,10.2098,82.0,0.0,
BCLAF1,47534.0,0.64095,15.0,15.0,32.801,1.0,0.19924,202.63333,6.15156,67.41076,1744.0,0.60952,
C14orf166,19577.0,0.43582,23.0,24.0,42.121,2.0,0.19924,219.13333,6.34664,1186.33528,13674.0,0.32609,
FKBP3,24.0,0.18665,11.0,13.0,25.534,1.0,0.19924,208.71667,6.2633,856.8568,8832.0,0.14103,
ANXA5,6524.0,0.32674,30.0,30.0,34.936,1.0,0.19924,229.2,6.44512,3589.72503,37888.0,0.24368,
APOBEC3C,121.0,0.64826,5.0,6.0,8.867,1.0,0.19924,175.81667,5.78224,112.5936,878.0,0.66667,
SMEK1,6.0,0.0,1.0,6.0,6.407,1.0,0.16604,180.71667,5.88072,261.89566,2084.0,0.0,
SOX4,8.0,0.25931,5.0,5.0,9.227,1.0,0.16604,190.36667,6.04171,69.04497,1064.0,0.4,
PHPT1,7.0,0.46346,3.0,4.0,6.978,1.0,0.16604,171.46667,5.72163,29.37099,298.0,0.5,
TES,1.0,0.0,1.0,1.0,1.243,1.0,0.14232,124.15238,4.59094,0.0,0.0,0.0,
ZCCHC10,3.0,0.30779,2.0,3.0,8.696,1.0,0.16604,172.53333,5.73489,21.43195,280.0,0.33333,
SLAMF7,120.0,0.64826,5.0,5.0,3.728,1.0,0.19924,166.25,5.62693,0.0,0.0,1.0,
GPR29,115.0,0.52483,8.0,9.0,9.22,1.0,0.19924,182.51667,5.89019,88.46115,1144.0,0.5,
KIAA0226,144.0,0.61814,6.0,6.0,4.981,1.0,0.16604,166.81667,5.60231,22.35015,296.0,0.86667,
DOCK8,70.0,0.33919,10.0,12.0,9.811,3.0,0.16604,193.7,6.05307,980.02607,7602.0,0.25758,
TTC3,3.0,0.30779,2.0,3.0,7.338,1.0,0.16604,181.83333,5.92618,5.88107,102.0,0.33333,
PIP4K2A,4.0,0.0,1.0,4.0,2.684,2.0,0.16604,161.21667,5.52655,1151.18857,6954.0,0.0,
ARL6IP4,1.0,0.0,1.0,1.0,1.045,1.0,0.14232,122.17143,4.53223,0.0,0.0,0.0,
ING3,11.0,0.25931,5.0,8.0,7.234,2.0,0.16604,172.11667,5.69322,976.10732,10420.0,0.14286,
SAR1A,17.0,0.25611,7.0,10.0,12.501,2.0,0.19924,195.75,6.11936,958.65929,8884.0,0.15556,
TRMT10C,3.0,0.0,1.0,3.0,6.152,1.0,0.16604,169.68333,5.66292,155.55326,1086.0,0.0,
KDM5A,40371.0,0.8164,8.0,15.0,25.042,1.0,0.19924,205.53333,6.19891,2116.231,25436.0,0.3619,
PDCD4,54.0,0.26343,12.0,14.0,25.831,1.0,0.19924,214.33333,6.32391,1631.52041,16882.0,0.1978,
CHURC1,1.0,0.0,1.0,1.0,1.209,1.0,0.14232,130.70952,4.80306,0.0,0.0,0.0,
RSRC2,6.0,0.2842,4.0,4.0,10.327,1.0,0.16604,171.46667,5.69512,1.62385,36.0,0.5,
ETV6,5.0,0.30779,2.0,5.0,6.527,4.0,0.16604,183.63333,5.92618,2030.45291,13746.0,0.1,
KPNA6,142.0,0.35915,10.0,10.0,24.364,1.0,0.19924,209.13333,6.28792,88.59137,2268.0,0.4,
MAPK1IP1L,1.0,0.0,1.0,1.0,2.248,1.0,0.16604,146.96667,5.24057,0.0,0.0,0.0,
BRD4,180.0,0.39905,10.0,12.0,13.714,1.0,0.19924,199.65,6.1402,924.40701,10038.0,0.30303,
HSBP1,4.0,0.30779,2.0,4.0,8.432,3.0,0.16604,183.1,5.93565,2108.27253,17956.0,0.16667,
DDIT4,19.0,0.38039,6.0,7.0,11.601,1.0,0.16604,191.48333,6.03603,104.0561,1134.0,0.38095,
ANKRD40,2.0,0.0,1.0,2.0,2.128,1.0,0.16604,147.01667,5.24814,28.53915,102.0,0.0,
TAGLN2,140.0,0.35765,13.0,13.0,17.498,1.0,0.19924,201.66667,6.16671,480.37065,5708.0,0.35897,
PPHLN1,2.0,0.0,1.0,2.0,3.743,1.0,0.16604,162.41667,5.58716,74.75948,904.0,0.0,
LYST,7.0,0.30779,2.0,7.0,5.44,3.0,0.16604,179.65,5.87504,1797.41472,10066.0,0.09524,
FNBP4,193.0,0.62199,7.0,8.0,17.913,1.0,0.16604,182.81667,5.8883,118.79494,1128.0,0.60714,
SWAP70,1.0,0.0,1.0,1.0,2.055,1.0,0.16604,147.15,5.24625,0.0,0.0,0.0,
TMEM120B,1.0,0.0,1.0,1.0,1.302,1.0,0.16604,133.36667,4.87882,0.0,0.0,0.0,
ADIPOR1,3.0,0.0,1.0,3.0,5.18,2.0,0.19924,176.63333,5.85421,1093.08798,6956.0,0.0,
RNF10,1.0,0.0,1.0,1.0,1.179,1.0,0.16604,131.16667,4.85988,0.0,0.0,0.0,
TACC1,1.0,0.0,1.0,1.0,1.739,1.0,0.16604,149.81667,5.27087,0.0,0.0,0.0,
YTHDF2,3.0,0.30779,2.0,3.0,7.003,1.0,0.16604,162.58333,5.53413,8.74926,130.0,0.33333,
TARS,15268.0,0.61467,12.0,14.0,35.456,1.0,0.19924,211.63333,6.29739,284.85731,5362.0,0.46154,
DARS,27.0,0.45378,5.0,6.0,15.868,1.0,0.16604,181.71667,5.89398,13.91246,228.0,0.46667,
TBRG1,1.0,0.0,1.0,1.0,1.386,1.0,0.14232,136.90952,5.00951,0.0,0.0,0.0,
RGS2,1.0,0.0,1.0,1.0,1.632,1.0,0.14232,133.47619,4.8542,0.0,0.0,0.0,
VMP1,27.0,0.56839,4.0,7.0,4.435,1.0,0.16604,170.23333,5.69512,672.68795,4464.0,0.28571,
BCL11B,8.0,0.25931,5.0,5.0,7.011,1.0,0.16604,185.06667,5.9508,80.0508,1658.0,0.4,
TMEM33,8.0,0.46346,3.0,5.0,7.412,1.0,0.16604,179.1,5.86557,35.46918,408.0,0.3,
ARL8B,3.0,0.0,1.0,3.0,3.918,1.0,0.16604,162.65,5.53981,110.02916,718.0,0.0,
CCDC186,2.0,0.0,1.0,2.0,1.259,1.0,0.14232,136.75952,4.98299,16.42246,86.0,0.0,
CEP350,5.0,0.0,1.0,5.0,3.483,1.0,0.16604,164.18333,5.60042,590.54194,3854.0,0.0,
BRWD1,3.0,0.0,1.0,3.0,3.02,1.0,0.16604,157.78333,5.46784,112.60632,738.0,0.0,
ANP32B,5.0,0.30779,2.0,5.0,4.647,1.0,0.19924,173.38333,5.76709,129.69558,1018.0,0.1,
TMEM14B,3.0,0.0,1.0,3.0,5.973,1.0,0.16604,171.18333,5.72921,60.11054,588.0,0.0,
COX20,2.0,0.0,1.0,2.0,2.75,1.0,0.16604,139.83333,5.01898,6.2423,26.0,0.0,
CHD7,11.0,0.25931,5.0,8.0,8.577,1.0,0.19924,186.4,5.95838,544.27904,5806.0,0.14286,
AUTS2,2.0,0.0,1.0,2.0,4.311,1.0,0.16604,171.88333,5.75004,34.60033,528.0,0.0,
SLC12A2,4.0,0.30779,2.0,4.0,6.932,1.0,0.19924,180.4,5.88262,65.24304,712.0,0.16667,
DNAJB14,5.0,0.30898,3.0,4.0,8.024,1.0,0.16604,179.03333,5.87504,64.6911,720.0,0.33333,
EVI2A,2.0,0.0,1.0,2.0,1.113,1.0,0.14232,126.11905,4.65344,6.52693,36.0,0.0,
ISCA1,4.0,0.30779,2.0,4.0,6.931,1.0,0.16604,182.38333,5.91103,86.60408,1014.0,0.16667,
BOLA2B,4.0,0.0,1.0,4.0,5.153,1.0,0.16604,169.2,5.70648,33.32028,282.0,0.0,
CHORDC1,25.0,0.56839,4.0,5.0,11.544,1.0,0.19924,188.11667,6.01709,51.41693,504.0,0.6,
CMPK1,18.0,0.26242,8.0,8.0,14.905,1.0,0.19924,192.73333,6.07012,346.28924,3250.0,0.32143,
PLIN2,2.0,0.0,1.0,2.0,2.818,1.0,0.16604,159.26667,5.51709,10.41167,60.0,0.0,
ZFAND5,2.0,0.0,1.0,2.0,1.771,1.0,0.16604,154.56667,5.40345,14.18684,182.0,0.0,
USP16,7.0,0.30779,2.0,7.0,6.51,1.0,0.19924,184.03333,5.93375,631.09102,4450.0,0.04762,
CBWD1,1.0,0.0,1.0,1.0,1.156,1.0,0.12453,107.85595,3.9773,0.0,0.0,0.0,
CBWD2,2.0,0.0,1.0,2.0,1.769,2.0,0.14232,136.55952,4.97163,1050.0,14142.0,0.0,
ATRAID,2.0,0.0,1.0,2.0,1.818,2.0,0.14232,135.47619,4.92238,1050.0,11160.0,0.0,
PRRC2C,1.0,0.0,1.0,1.0,1.072,1.0,0.12453,107.09881,3.92806,0.0,0.0,0.0,
KIAA0247,1.0,0.0,1.0,1.0,1.041,1.0,0.00378,1.0,0.01134,0.0,0.0,0.0,
DHRS7,1.0,0.0,1.0,1.0,1.041,1.0,0.00378,1.0,0.01134,0.0,0.0,0.0,
PPT1,6.0,0.30779,2.0,6.0,6.772,1.0,0.16604,185.03333,5.96216,240.64202,1988.0,0.06667,
ZDHHC2,2.0,0.0,1.0,2.0,5.419,1.0,0.16604,165.7,5.62504,18.14703,176.0,0.0,
CDC42SE1,1.0,0.0,1.0,1.0,3.596,1.0,0.16604,157.31667,5.48299,0.0,0.0,0.0,
SS18L2,7.0,0.46346,3.0,4.0,5.862,1.0,0.16604,178.91667,5.88262,69.43221,622.0,0.5,
CD97,2.0,0.0,1.0,2.0,1.527,1.0,0.14232,142.47619,5.13829,22.34149,106.0,0.0,
ARL4C,1.0,0.0,1.0,1.0,1.698,1.0,0.14232,134.90238,4.93943,0.0,0.0,0.0,
EML4,5.0,0.30898,3.0,4.0,7.69,1.0,0.16604,186.81667,6.00004,44.94393,614.0,0.33333,
NFKBIZ,2.0,0.0,1.0,2.0,5.124,1.0,0.19924,178.75,5.87694,9.33674,142.0,0.0,
CAMTA1,1.0,0.0,1.0,1.0,1.392,1.0,0.16604,137.95,5.01898,0.0,0.0,0.0,
IFRD1,2.0,0.0,1.0,2.0,5.751,1.0,0.16604,157.43333,5.43754,2.52126,18.0,0.0,
SYAP1,5.0,0.30898,3.0,4.0,6.981,1.0,0.16604,175.41667,5.81254,195.75782,1550.0,0.33333,
ANKHD1,3.0,0.30779,2.0,3.0,5.364,1.0,0.16604,164.96667,5.61368,28.65427,220.0,0.33333,
MESDC2,3.0,0.30779,2.0,3.0,5.94,1.0,0.16604,165.75,5.64777,46.18014,350.0,0.33333,
DAZAP2,2.0,0.0,1.0,2.0,3.592,2.0,0.16604,149.9,5.29549,247.10022,2956.0,0.0,
SMAP2,2.0,0.0,1.0,2.0,1.416,1.0,0.14232,131.06905,4.78034,14.50037,86.0,0.0,
SYTL3,3.0,0.0,1.0,3.0,1.819,1.0,0.16604,146.83333,5.23678,111.58604,486.0,0.0,
TMEM154,2.0,0.0,1.0,2.0,3.415,1.0,0.16604,149.73333,5.2936,54.44733,732.0,0.0,
RSBN1,1.0,0.0,1.0,1.0,1.183,1.0,0.14232,134.58571,4.92238,0.0,0.0,0.0,
CCDC12,2.0,0.0,1.0,2.0,6.172,1.0,0.16604,161.93333,5.53792,37.39199,280.0,0.0,
PCMT1,18.0,0.33284,6.0,8.0,18.147,1.0,0.19924,202.25,6.20459,76.61803,1342.0,0.28571,
MARCKS,3.0,0.0,1.0,3.0,1.611,3.0,0.14232,137.97619,5.00572,1187.39947,7530.0,0.0,
ADD3,2.0,0.0,1.0,2.0,1.442,3.0,0.14232,137.44286,4.98299,299.58701,1690.0,0.0,
JSRP1,2.0,0.0,1.0,2.0,1.885,1.0,0.16604,147.8,5.27087,22.6636,94.0,0.0,
TCL1A,4.0,0.0,1.0,4.0,6.089,1.0,0.16604,182.35,5.9205,80.58882,1148.0,0.0,
CCDC47,4.0,0.30779,2.0,4.0,6.468,1.0,0.16604,175.35,5.80307,205.22739,1424.0,0.16667,
CD96,3.0,0.30779,2.0,3.0,2.754,1.0,0.16604,158.65,5.48489,25.42773,310.0,0.33333,
ORAI2,1.0,0.0,1.0,1.0,2.281,1.0,0.16604,147.18333,5.26708,0.0,0.0,0.0,
MPHOSPH8,10.0,0.46346,3.0,7.0,6.445,3.0,0.16604,167.83333,5.60421,1374.06949,15352.0,0.14286,
BOD1L1,3.0,0.30779,2.0,3.0,4.564,1.0,0.16604,159.78333,5.49057,12.3545,102.0,0.33333,
RC3H1,3.0,0.0,1.0,3.0,2.466,1.0,0.16604,151.73333,5.3239,106.38146,514.0,0.0,
CDC123,3.0,0.0,1.0,3.0,6.643,1.0,0.16604,174.2,5.79928,32.02605,300.0,0.0,
MOB1A,3.0,0.0,1.0,3.0,2.771,1.0,0.16604,153.48333,5.3864,69.51899,294.0,0.0,
GLTP,2.0,0.0,1.0,2.0,3.768,1.0,0.16604,166.06667,5.66103,9.67311,114.0,0.0,
ECH1,1.0,0.0,1.0,1.0,1.21,1.0,0.14232,125.37857,4.60988,0.0,0.0,0.0,
ELOVL5,2.0,0.0,1.0,2.0,2.417,1.0,0.16604,151.93333,5.38072,41.5573,450.0,0.0,
LSP1,2.0,0.0,1.0,2.0,2.567,1.0,0.16604,156.81667,5.46974,5.52052,46.0,0.0,
HP1BP3,11.0,0.2842,4.0,8.0,14.415,1.0,0.16604,200.88333,6.1705,548.18722,6106.0,0.17857,
TSPYL2,8.0,0.37893,4.0,4.0,6.748,1.0,0.16604,171.1,5.6989,12.04262,252.0,0.66667,
GSTO1,5.0,0.30898,3.0,4.0,7.496,1.0,0.16604,170.96667,5.71216,75.20709,656.0,0.33333,
HIGD2A,2.0,0.0,1.0,2.0,3.025,1.0,0.16604,140.1,5.02087,9.76275,60.0,0.0,
POGZ,2.0,0.0,1.0,2.0,2.754,1.0,0.14232,141.37619,5.07011,4.95238,18.0,0.0,
AMD1,2.0,0.0,1.0,2.0,5.849,1.0,0.16604,169.33333,5.65534,18.61416,164.0,0.0,
BZW1,8.0,0.37893,4.0,4.0,11.231,1.0,0.16604,187.96667,6.0133,7.5669,194.0,0.66667,
FNIP1,3.0,0.0,1.0,3.0,2.801,1.0,0.16604,151.38333,5.31064,45.60927,324.0,0.0,
HMGN3,1.0,0.0,1.0,1.0,1.952,1.0,0.14232,133.18571,4.88829,0.0,0.0,0.0,
IL32,2.0,0.30779,2.0,2.0,2.11,1.0,0.16604,149.1,5.28034,0.0,0.0,1.0,
GGNBP2,1.0,0.0,1.0,1.0,1.059,1.0,0.14232,126.25238,4.69132,0.0,0.0,0.0,
CCNI,3.0,0.0,1.0,3.0,3.926,2.0,0.16604,167.93333,5.68565,1072.53694,6756.0,0.0,
TOR1AIP2,2.0,0.30779,2.0,2.0,2.915,1.0,0.16604,151.71667,5.3561,0.0,0.0,1.0,
PHACTR2,1.0,0.0,1.0,1.0,2.339,1.0,0.16604,142.85,5.13072,0.0,0.0,0.0,
ZBTB20,1.0,0.0,1.0,1.0,1.461,1.0,0.16604,135.6,4.97352,0.0,0.0,0.0,
LITAF,1.0,0.0,1.0,1.0,1.1,1.0,0.14232,124.15238,4.59094,0.0,0.0,0.0,
TSTD1,2.0,0.30779,2.0,2.0,5.908,1.0,0.16604,168.16667,5.68754,0.0,0.0,1.0,
MYADM,1.0,0.0,1.0,1.0,1.555,1.0,0.14232,131.70238,4.83716,0.0,0.0,0.0,
ITM2B,1.0,0.0,1.0,1.0,1.791,1.0,0.14232,126.45952,4.67996,0.0,0.0,0.0,
HIPK1,1.0,0.0,1.0,1.0,1.363,1.0,0.14232,139.22619,5.03791,0.0,0.0,0.0,
LIMD2,1.0,0.0,1.0,1.0,1.667,1.0,0.14232,139.42619,5.02276,0.0,0.0,0.0,
C19orf10,2.0,0.0,1.0,2.0,3.718,1.0,0.16604,157.35,5.46595,6.86613,68.0,0.0,
IRF2BP2,1.0,0.0,1.0,1.0,2.213,1.0,0.16604,138.53333,5.00572,0.0,0.0,0.0,
EMC4,4.0,0.0,1.0,4.0,4.812,1.0,0.16604,170.55,5.70269,375.44049,2900.0,0.0,
SLC16A1,1.0,0.0,1.0,1.0,1.053,1.0,0.12453,108.64643,4.01139,0.0,0.0,0.0,
CRIM1,2.0,0.0,1.0,2.0,1.755,1.0,0.14232,138.97619,5.04928,34.24554,172.0,0.0,
ABRACL,2.0,0.0,1.0,2.0,1.352,1.0,0.16604,142.11667,5.11935,6.54494,50.0,0.0,
IDI1,2.0,0.0,1.0,2.0,3.0,1.0,0.16604,159.46667,5.53602,207.68594,1504.0,0.0,
SAMSN1,3.0,0.30779,2.0,3.0,2.431,2.0,0.16604,155.16667,5.41102,513.32075,3338.0,0.33333,
ATF7IP,1.0,0.0,1.0,1.0,3.527,1.0,0.16604,166.16667,5.6383,0.0,0.0,0.0,
GLS,1.0,0.0,1.0,1.0,1.912,1.0,0.16604,148.58333,5.29739,0.0,0.0,0.0,
LBH,1.0,0.0,1.0,1.0,1.441,1.0,0.14232,125.22857,4.62503,0.0,0.0,0.0,
